{"directed": false, "multigraph": false, "graph": {}, "nodes": [{"count": 214, "maincategory": "食物", "id": "食物"}, {"count": 44, "maincategory": "身体部位", "id": "身体部位"}, {"count": 36, "maincategory": "自然物", "id": "自然物"}, {"count": 53, "maincategory": "交通工具", "id": "交通工具"}, {"count": 211, "maincategory": "植物", "id": "植物"}, {"count": 196, "maincategory": "动物", "id": "动物"}, {"count": 656, "maincategory": "人造物", "id": "人造物"}], "links": [{"weight": 0, "source": "食物", "target": "身体部位"}, {"weight": 1.074335021, "source": "食物", "target": "自然物"}, {"weight": 0, "source": "食物", "target": "交通工具"}, {"weight": 140.25399183899987, "source": "食物", "target": "植物"}, {"weight": 0.525996292, "source": "食物", "target": "动物"}, {"weight": 11.346872345000003, "source": "食物", "target": "人造物"}, {"weight": 0, "source": "身体部位", "target": "自然物"}, {"weight": 0, "source": "身体部位", "target": "交通工具"}, {"weight": 0, "source": "身体部位", "target": "植物"}, {"weight": 0, "source": "身体部位", "target": "动物"}, {"weight": 69.46705303399996, "source": "身体部位", "target": "人造物"}, {"weight": 0, "source": "自然物", "target": "交通工具"}, {"weight": 0, "source": "自然物", "target": "植物"}, {"weight": 0, "source": "自然物", "target": "动物"}, {"weight": 10.221582708, "source": "自然物", "target": "人造物"}, {"weight": 0, "source": "交通工具", "target": "植物"}, {"weight": 0, "source": "交通工具", "target": "动物"}, {"weight": 16.979880809, "source": "交通工具", "target": "人造物"}, {"weight": 0, "source": "植物", "target": "动物"}, {"weight": 0.608751211, "source": "植物", "target": "人造物"}, {"weight": 0.57229623, "source": "动物", "target": "人造物"}]}