{"directed": false, "multigraph": false, "graph": {}, "nodes": [{"subcategory": "固态干粮", "maincategory": "食物", "id": "糕点"}, {"subcategory": "固态干粮", "maincategory": "食物", "id": "花生米"}, {"subcategory": "固态干粮", "maincategory": "食物", "id": "甜甜圈"}, {"subcategory": "固态干粮", "maincategory": "食物", "id": "荞麦"}, {"subcategory": "酒水饮料", "maincategory": "食物", "id": "清汤"}, {"subcategory": "固态干粮", "maincategory": "食物", "id": "巧克力"}, {"subcategory": "调料", "maincategory": "食物", "id": "番茄酱"}, {"subcategory": "酒水饮料", "maincategory": "食物", "id": "八宝粥"}, {"subcategory": "固态干粮", "maincategory": "食物", "id": "谷物"}, {"subcategory": "酒水饮料", "maincategory": "食物", "id": "二锅头"}, {"subcategory": "固态干粮", "maincategory": "食物", "id": "蛋卷冰淇淋"}, {"subcategory": "固态干粮", "maincategory": "食物", "id": "油饼"}, {"subcategory": "酒水饮料", "maincategory": "食物", "id": "百事可乐"}, {"subcategory": "酒水饮料", "maincategory": "食物", "id": "水"}, {"subcategory": "固态干粮", "maincategory": "食物", "id": "寿司"}, {"subcategory": "固态干粮", "maincategory": "食物", "id": "奶油"}, {"subcategory": "酒水饮料", "maincategory": "食物", "id": "菠萝汁"}, {"subcategory": "固态干粮", "maincategory": "食物", "id": "蛋卷"}, {"subcategory": "固态干粮", "maincategory": "食物", "id": "爆米花"}, {"subcategory": "固态干粮", "maincategory": "食物", "id": "热狗"}, {"subcategory": "酒水饮料", "maincategory": "食物", "id": "白酒"}, {"subcategory": "固态干粮", "maincategory": "食物", "id": "炸酱面"}, {"subcategory": "固态干粮", "maincategory": "食物", "id": "冰棍"}, {"subcategory": "固态干粮", "maincategory": "食物", "id": "小麦"}, {"subcategory": "酒水饮料", "maincategory": "食物", "id": "粥"}, {"subcategory": "固态干粮", "maincategory": "食物", "id": "蛋糕"}, {"subcategory": "调料", "maincategory": "食物", "id": "果酱"}, {"subcategory": "固态干粮", "maincategory": "食物", "id": "卷饼"}, {"subcategory": "固态干粮", "maincategory": "食物", "id": "通心粉"}, {"subcategory": "酒水饮料", "maincategory": "食物", "id": "绿豆汤"}, {"subcategory": "酒水饮料", "maincategory": "食物", "id": "牛奶"}, {"subcategory": "固态干粮", "maincategory": "食物", "id": "大米"}, {"subcategory": "酒水饮料", "maincategory": "食物", "id": "可口可乐"}, {"subcategory": "酒水饮料", "maincategory": "食物", "id": "白粥"}, {"subcategory": "酒水饮料", "maincategory": "食物", "id": "香槟"}, {"subcategory": "酒水饮料", "maincategory": "食物", "id": "白水"}, {"subcategory": "固态干粮", "maincategory": "食物", "id": "法式面包"}, {"subcategory": "固态干粮", "maincategory": "食物", "id": "方便面"}, {"subcategory": "酒水饮料", "maincategory": "食物", "id": "茶包"}, {"subcategory": "固态干粮", "maincategory": "食物", "id": "油条"}, {"subcategory": "固态干粮", "maincategory": "食物", "id": "花生"}, {"subcategory": "酒水饮料", "maincategory": "食物", "id": "橙汁"}, {"subcategory": "固态干粮", "maincategory": "食物", "id": "饺子"}, {"subcategory": "固态干粮", "maincategory": "食物", "id": "棉花糖"}, {"subcategory": "固态干粮", "maincategory": "食物", "id": "魔芋"}, {"subcategory": "固态干粮", "maincategory": "食物", "id": "大饼"}, {"subcategory": "酒水饮料", "maincategory": "食物", "id": "红酒"}, {"subcategory": "调料", "maincategory": "食物", "id": "味精"}, {"subcategory": "酒水饮料", "maincategory": "食物", "id": "普洱茶"}, {"subcategory": "固态干粮", "maincategory": "食物", "id": "包子"}, {"subcategory": "调料", "maincategory": "食物", "id": "蔗糖"}, {"subcategory": "固态干粮", "maincategory": "食物", "id": "麻花"}, {"subcategory": "调料", "maincategory": "食物", "id": "酱油"}, {"subcategory": "固态干粮", "maincategory": "食物", "id": "面筋"}, {"subcategory": "酒水饮料", "maincategory": "食物", "id": "泉水"}, {"subcategory": "酒水饮料", "maincategory": "食物", "id": "羹汤"}, {"subcategory": "酒水饮料", "maincategory": "食物", "id": "苹果汁"}, {"subcategory": "酒水饮料", "maincategory": "食物", "id": "肉汤"}, {"subcategory": "固态干粮", "maincategory": "食物", "id": "香草冰淇淋"}, {"subcategory": "固态干粮", "maincategory": "食物", "id": "汉堡"}, {"subcategory": "固态干粮", "maincategory": "食物", "id": "馅饼"}, {"subcategory": "调料", "maincategory": "食物", "id": "冰糖"}, {"subcategory": "固态干粮", "maincategory": "食物", "id": "芝麻"}, {"subcategory": "酒水饮料", "maincategory": "食物", "id": "葡萄汁"}, {"subcategory": "固态干粮", "maincategory": "食物", "id": "三明治"}, {"subcategory": "调料", "maincategory": "食物", "id": "黑胡椒"}, {"subcategory": "酒水饮料", "maincategory": "食物", "id": "果汁"}, {"subcategory": "调料", "maincategory": "食物", "id": "醋"}, {"subcategory": "酒水饮料", "maincategory": "食物", "id": "蜂蜜"}, {"subcategory": "调料", "maincategory": "食物", "id": "白糖"}, {"subcategory": "固态干粮", "maincategory": "食物", "id": "烤面包"}, {"subcategory": "酒水饮料", "maincategory": "食物", "id": "酸奶"}, {"subcategory": "固态干粮", "maincategory": "食物", "id": "馒头"}, {"subcategory": "固态干粮", "maincategory": "食物", "id": "米线"}, {"subcategory": "固态干粮", "maincategory": "食物", "id": "白饭"}, {"subcategory": "固态干粮", "maincategory": "食物", "id": "炒面"}, {"subcategory": "酒水饮料", "maincategory": "食物", "id": "瓶装水"}, {"subcategory": "酒水饮料", "maincategory": "食物", "id": "橘子汽水"}, {"subcategory": "固态干粮", "maincategory": "食物", "id": "煎蛋卷"}, {"subcategory": "调料", "maincategory": "食物", "id": "椒盐"}, {"subcategory": "固态干粮", "maincategory": "食物", "id": "面粉"}, {"subcategory": "酒水饮料", "maincategory": "食物", "id": "牦牛奶"}, {"subcategory": "调料", "maincategory": "食物", "id": "花生酱"}, {"subcategory": "调料", "maincategory": "食物", "id": "沙拉酱"}, {"subcategory": "固态干粮", "maincategory": "食物", "id": "巧克力冰淇淋"}, {"subcategory": "调料", "maincategory": "食物", "id": "辣椒酱"}, {"subcategory": "酒水饮料", "maincategory": "食物", "id": "全脂牛奶"}, {"subcategory": "固态干粮", "maincategory": "食物", "id": "糖果"}, {"subcategory": "固态干粮", "maincategory": "食物", "id": "咖啡豆"}, {"subcategory": "固态干粮", "maincategory": "食物", "id": "冰淇淋"}, {"subcategory": "固态干粮", "maincategory": "食物", "id": "凉皮"}, {"subcategory": "酒水饮料", "maincategory": "食物", "id": "豆浆"}, {"subcategory": "酒水饮料", "maincategory": "食物", "id": "巧克力牛奶"}, {"subcategory": "固态干粮", "maincategory": "食物", "id": "凉粉"}, {"subcategory": "调料", "maincategory": "食物", "id": "白砂糖"}, {"subcategory": "固态干粮", "maincategory": "食物", "id": "谷子"}, {"subcategory": "酒水饮料", "maincategory": "食物", "id": "清酒"}, {"subcategory": "调料", "maincategory": "食物", "id": "辣椒粉"}, {"subcategory": "固态干粮", "maincategory": "食物", "id": "冰淇淋蛋糕"}, {"subcategory": "固态干粮", "maincategory": "食物", "id": "全麦饼干"}, {"subcategory": "固态干粮", "maincategory": "食物", "id": "煎饼"}, {"subcategory": "酒水饮料", "maincategory": "食物", "id": "苏打水"}, {"subcategory": "固态干粮", "maincategory": "食物", "id": "冷面"}, {"subcategory": "酒水饮料", "maincategory": "食物", "id": "热水"}, {"subcategory": "固态干粮", "maincategory": "食物", "id": "饼干"}, {"subcategory": "固态干粮", "maincategory": "食物", "id": "棒棒糖"}, {"subcategory": "酒水饮料", "maincategory": "食物", "id": "威士忌酒"}, {"subcategory": "固态干粮", "maincategory": "食物", "id": "甜点"}, {"subcategory": "调料", "maincategory": "食物", "id": "胡椒"}, {"subcategory": "酒水饮料", "maincategory": "食物", "id": "稀饭"}, {"subcategory": "酒水饮料", "maincategory": "食物", "id": "汽水"}, {"subcategory": "酒水饮料", "maincategory": "食物", "id": "豆奶"}, {"subcategory": "酒水饮料", "maincategory": "食物", "id": "糖浆"}, {"subcategory": "固态干粮", "maincategory": "食物", "id": "干果"}, {"subcategory": "固态干粮", "maincategory": "食物", "id": "芝士蛋糕"}, {"subcategory": "酒水饮料", "maincategory": "食物", "id": "鸡尾酒"}, {"subcategory": "固态干粮", "maincategory": "食物", "id": "奶酪"}, {"subcategory": "酒水饮料", "maincategory": "食物", "id": "葡萄酒"}, {"subcategory": "酒水饮料", "maincategory": "食物", "id": "纯净水"}, {"subcategory": "固态干粮", "maincategory": "食物", "id": "馄饨"}, {"subcategory": "固态干粮", "maincategory": "食物", "id": "可可巧克力"}, {"subcategory": "酒水饮料", "maincategory": "食物", "id": "茶"}, {"subcategory": "酒水饮料", "maincategory": "食物", "id": "碧螺春"}, {"subcategory": "固态干粮", "maincategory": "食物", "id": "意大利面"}, {"subcategory": "固态干粮", "maincategory": "食物", "id": "葵花籽"}, {"subcategory": "固态干粮", "maincategory": "食物", "id": "比萨"}, {"subcategory": "调料", "maincategory": "食物", "id": "咖喱酱"}, {"subcategory": "固态干粮", "maincategory": "食物", "id": "布丁"}, {"subcategory": "固态干粮", "maincategory": "食物", "id": "小米"}, {"subcategory": "酒水饮料", "maincategory": "食物", "id": "乌龙茶"}, {"subcategory": "酒水饮料", "maincategory": "食物", "id": "奶茶"}, {"subcategory": "调料", "maincategory": "食物", "id": "草莓酱"}, {"subcategory": "固态干粮", "maincategory": "食物", "id": "坚果"}, {"subcategory": "固态干粮", "maincategory": "食物", "id": "春卷"}, {"subcategory": "固态干粮", "maincategory": "食物", "id": "牛肉面"}, {"subcategory": "酒水饮料", "maincategory": "食物", "id": "冰红茶"}, {"subcategory": "酒水饮料", "maincategory": "食物", "id": "红茶"}, {"subcategory": "调料", "maincategory": "食物", "id": "面包酱"}, {"subcategory": "固态干粮", "maincategory": "食物", "id": "米饭"}, {"subcategory": "酒水饮料", "maincategory": "食物", "id": "柠檬水"}, {"subcategory": "固态干粮", "maincategory": "食物", "id": "披萨"}], "links": [{"weight": 0.735209807, "source": "糕点", "target": "包子"}, {"weight": 0.676156247, "source": "糕点", "target": "春卷"}, {"weight": 1.0, "source": "糕点", "target": "糕点"}, {"weight": 0.581854004, "source": "糕点", "target": "馄饨"}, {"weight": 0.813549896, "source": "糕点", "target": "煎饼"}, {"weight": 0.682007443, "source": "糕点", "target": "饺子"}, {"weight": 0.566374445, "source": "糕点", "target": "卷饼"}, {"weight": 0.681271176, "source": "糕点", "target": "披萨"}, {"weight": 0.746801327, "source": "糕点", "target": "馅饼"}, {"weight": 0.523908179, "source": "花生米", "target": "干果"}, {"weight": 0.643319041, "source": "花生米", "target": "花生"}, {"weight": 1.0, "source": "花生米", "target": "花生米"}, {"weight": 0.585353978, "source": "花生米", "target": "葵花籽"}, {"weight": 0.522271073, "source": "甜甜圈", "target": "蛋卷"}, {"weight": 0.548803789, "source": "甜甜圈", "target": "煎蛋卷"}, {"weight": 0.571142635, "source": "甜甜圈", "target": "甜点"}, {"weight": 1.0, "source": "甜甜圈", "target": "甜甜圈"}, {"weight": 0.691458427, "source": "荞麦", "target": "谷子"}, {"weight": 0.711124502, "source": "荞麦", "target": "魔芋"}, {"weight": 1.0, "source": "荞麦", "target": "荞麦"}, {"weight": 0.725072744, "source": "荞麦", "target": "小麦"}, {"weight": 0.796515266, "source": "清汤", "target": "羹汤"}, {"weight": 0.535597413, "source": "清汤", "target": "绿豆汤"}, {"weight": 1.0, "source": "清汤", "target": "清汤"}, {"weight": 0.818391068, "source": "清汤", "target": "肉汤"}, {"weight": 0.588567266, "source": "巧克力", "target": "可可巧克力"}, {"weight": 1.0, "source": "巧克力", "target": "巧克力"}, {"weight": 0.558535528, "source": "巧克力", "target": "糖果"}, {"weight": 1.0, "source": "番茄酱", "target": "番茄酱"}, {"weight": 0.573913949, "source": "番茄酱", "target": "花生酱"}, {"weight": 0.522920399, "source": "番茄酱", "target": "辣椒酱"}, {"weight": 0.550283846, "source": "番茄酱", "target": "面包酱"}, {"weight": 1.0, "source": "八宝粥", "target": "八宝粥"}, {"weight": 0.586650281, "source": "八宝粥", "target": "白粥"}, {"weight": 0.56462268, "source": "八宝粥", "target": "稀饭"}, {"weight": 1.0, "source": "谷物", "target": "谷物"}, {"weight": 0.615027785, "source": "谷物", "target": "小麦"}, {"weight": 0.571833952, "source": "谷物", "target": "小米"}, {"weight": 0.830634972, "source": "二锅头", "target": "白酒"}, {"weight": 1.0, "source": "二锅头", "target": "二锅头"}, {"weight": 0.870384235, "source": "二锅头", "target": "红酒"}, {"weight": 0.771850098, "source": "二锅头", "target": "鸡尾酒"}, {"weight": 0.765617211, "source": "二锅头", "target": "葡萄酒"}, {"weight": 0.89721932, "source": "二锅头", "target": "清酒"}, {"weight": 0.868360958, "source": "二锅头", "target": "威士忌酒"}, {"weight": 0.659673815, "source": "二锅头", "target": "香槟"}, {"weight": 0.566836122, "source": "蛋卷冰淇淋", "target": "冰淇淋"}, {"weight": 1.0, "source": "蛋卷冰淇淋", "target": "蛋卷冰淇淋"}, {"weight": 0.533029457, "source": "蛋卷冰淇淋", "target": "奶油"}, {"weight": 0.760055763, "source": "蛋卷冰淇淋", "target": "巧克力冰淇淋"}, {"weight": 0.685099506, "source": "蛋卷冰淇淋", "target": "香草冰淇淋"}, {"weight": 0.538923748, "source": "油饼", "target": "饼干"}, {"weight": 0.647300662, "source": "油饼", "target": "大饼"}, {"weight": 0.573332062, "source": "油饼", "target": "蛋卷"}, {"weight": 0.601357694, "source": "油饼", "target": "汉堡"}, {"weight": 0.690984552, "source": "油饼", "target": "煎蛋卷"}, {"weight": 0.553535437, "source": "油饼", "target": "麻花"}, {"weight": 0.59095313, "source": "油饼", "target": "馒头"}, {"weight": 1.0, "source": "油饼", "target": "油饼"}, {"weight": 0.706310944, "source": "油饼", "target": "油条"}, {"weight": 1.0, "source": "百事可乐", "target": "百事可乐"}, {"weight": 0.598100432, "source": "百事可乐", "target": "纯净水"}, {"weight": 0.588001393, "source": "百事可乐", "target": "果汁"}, {"weight": 0.734993429, "source": "百事可乐", "target": "橘子汽水"}, {"weight": 0.864721222, "source": "百事可乐", "target": "可口可乐"}, {"weight": 0.581907254, "source": "百事可乐", "target": "瓶装水"}, {"weight": 0.884274687, "source": "百事可乐", "target": "汽水"}, {"weight": 0.942443393, "source": "百事可乐", "target": "苏打水"}, {"weight": 0.58445302, "source": "水", "target": "纯净水"}, {"weight": 1.0, "source": "水", "target": "水"}, {"weight": 0.566973164, "source": "寿司", "target": "春卷"}, {"weight": 0.538636472, "source": "寿司", "target": "披萨"}, {"weight": 1.0, "source": "寿司", "target": "寿司"}, {"weight": 0.535792991, "source": "寿司", "target": "馅饼"}, {"weight": 0.684718708, "source": "奶油", "target": "棉花糖"}, {"weight": 0.622220962, "source": "奶油", "target": "奶酪"}, {"weight": 1.0, "source": "奶油", "target": "奶油"}, {"weight": 0.542656095, "source": "奶油", "target": "香草冰淇淋"}, {"weight": 1.0, "source": "菠萝汁", "target": "菠萝汁"}, {"weight": 0.636757937, "source": "菠萝汁", "target": "橙汁"}, {"weight": 0.539859101, "source": "菠萝汁", "target": "果汁"}, {"weight": 0.637201686, "source": "菠萝汁", "target": "苹果汁"}, {"weight": 0.61316218, "source": "菠萝汁", "target": "葡萄汁"}, {"weight": 0.5842342, "source": "蛋卷", "target": "蛋糕"}, {"weight": 1.0, "source": "蛋卷", "target": "蛋卷"}, {"weight": 0.558148272, "source": "蛋卷", "target": "法式面包"}, {"weight": 0.649483281, "source": "蛋卷", "target": "煎蛋卷"}, {"weight": 0.725220879, "source": "蛋卷", "target": "甜点"}, {"weight": 1.0, "source": "爆米花", "target": "爆米花"}, {"weight": 0.54143801, "source": "爆米花", "target": "饼干"}, {"weight": 0.550741337, "source": "爆米花", "target": "棉花糖"}, {"weight": 0.526712491, "source": "爆米花", "target": "奶酪"}, {"weight": 0.647997526, "source": "热狗", "target": "汉堡"}, {"weight": 1.0, "source": "热狗", "target": "热狗"}, {"weight": 1.0, "source": "白酒", "target": "白酒"}, {"weight": 0.719092763, "source": "白酒", "target": "红酒"}, {"weight": 0.643874046, "source": "白酒", "target": "鸡尾酒"}, {"weight": 0.638959952, "source": "白酒", "target": "葡萄酒"}, {"weight": 0.747093505, "source": "白酒", "target": "清酒"}, {"weight": 0.735710906, "source": "白酒", "target": "威士忌酒"}, {"weight": 0.690386287, "source": "白酒", "target": "香槟"}, {"weight": 0.648701031, "source": "炸酱面", "target": "方便面"}, {"weight": 0.628594259, "source": "炸酱面", "target": "冷面"}, {"weight": 0.617359433, "source": "炸酱面", "target": "牛肉面"}, {"weight": 0.693626072, "source": "炸酱面", "target": "意大利面"}, {"weight": 1.0, "source": "炸酱面", "target": "炸酱面"}, {"weight": 1.0, "source": "冰棍", "target": "冰棍"}, {"weight": 0.866042188, "source": "冰棍", "target": "冰淇淋"}, {"weight": 0.672797706, "source": "小麦", "target": "谷子"}, {"weight": 0.56089028, "source": "小麦", "target": "魔芋"}, {"weight": 1.0, "source": "小麦", "target": "小麦"}, {"weight": 0.56444901, "source": "粥", "target": "豆浆"}, {"weight": 0.571873368, "source": "粥", "target": "豆奶"}, {"weight": 0.600532035, "source": "粥", "target": "稀饭"}, {"weight": 1.0, "source": "粥", "target": "粥"}, {"weight": 0.667677883, "source": "蛋糕", "target": "布丁"}, {"weight": 1.0, "source": "蛋糕", "target": "蛋糕"}, {"weight": 0.595164798, "source": "蛋糕", "target": "煎蛋卷"}, {"weight": 0.639666486, "source": "蛋糕", "target": "全麦饼干"}, {"weight": 0.523024072, "source": "蛋糕", "target": "甜点"}, {"weight": 0.66738834, "source": "蛋糕", "target": "芝士蛋糕"}, {"weight": 0.522568282, "source": "果酱", "target": "草莓酱"}, {"weight": 1.0, "source": "果酱", "target": "果酱"}, {"weight": 0.621415113, "source": "果酱", "target": "辣椒酱"}, {"weight": 0.526332765, "source": "果酱", "target": "沙拉酱"}, {"weight": 0.663139783, "source": "卷饼", "target": "包子"}, {"weight": 0.796874174, "source": "卷饼", "target": "春卷"}, {"weight": 0.910275854, "source": "卷饼", "target": "馄饨"}, {"weight": 0.699619635, "source": "卷饼", "target": "煎饼"}, {"weight": 0.759589978, "source": "卷饼", "target": "饺子"}, {"weight": 1.0, "source": "卷饼", "target": "卷饼"}, {"weight": 0.760724793, "source": "卷饼", "target": "披萨"}, {"weight": 0.727758477, "source": "卷饼", "target": "馅饼"}, {"weight": 0.634506167, "source": "通心粉", "target": "大饼"}, {"weight": 0.576886283, "source": "通心粉", "target": "凉粉"}, {"weight": 0.686209979, "source": "通心粉", "target": "凉皮"}, {"weight": 0.529240427, "source": "通心粉", "target": "馒头"}, {"weight": 0.628591237, "source": "通心粉", "target": "米饭"}, {"weight": 0.636128719, "source": "通心粉", "target": "米线"}, {"weight": 0.558528037, "source": "通心粉", "target": "面粉"}, {"weight": 0.567192252, "source": "通心粉", "target": "牛肉面"}, {"weight": 1.0, "source": "通心粉", "target": "通心粉"}, {"weight": 0.523916414, "source": "绿豆汤", "target": "羹汤"}, {"weight": 1.0, "source": "绿豆汤", "target": "绿豆汤"}, {"weight": 0.623291017, "source": "牛奶", "target": "豆浆"}, {"weight": 0.562447332, "source": "牛奶", "target": "豆奶"}, {"weight": 0.54108523, "source": "牛奶", "target": "羹汤"}, {"weight": 0.531910595, "source": "牛奶", "target": "果汁"}, {"weight": 0.622920812, "source": "牛奶", "target": "牦牛奶"}, {"weight": 1.0, "source": "牛奶", "target": "牛奶"}, {"weight": 0.617548638, "source": "牛奶", "target": "全脂牛奶"}, {"weight": 0.695654228, "source": "牛奶", "target": "酸奶"}, {"weight": 1.0, "source": "大米", "target": "大米"}, {"weight": 0.537252037, "source": "大米", "target": "小米"}, {"weight": 0.58026315, "source": "可口可乐", "target": "纯净水"}, {"weight": 0.559200358, "source": "可口可乐", "target": "果汁"}, {"weight": 0.680479886, "source": "可口可乐", "target": "橘子汽水"}, {"weight": 1.0, "source": "可口可乐", "target": "可口可乐"}, {"weight": 0.598705508, "source": "可口可乐", "target": "瓶装水"}, {"weight": 0.815735555, "source": "可口可乐", "target": "汽水"}, {"weight": 0.8453177, "source": "可口可乐", "target": "苏打水"}, {"weight": 0.547268772, "source": "白粥", "target": "白饭"}, {"weight": 1.0, "source": "白粥", "target": "白粥"}, {"weight": 0.621391761, "source": "白粥", "target": "稀饭"}, {"weight": 0.735960874, "source": "香槟", "target": "红酒"}, {"weight": 0.661966555, "source": "香槟", "target": "鸡尾酒"}, {"weight": 0.655126041, "source": "香槟", "target": "葡萄酒"}, {"weight": 0.661651202, "source": "香槟", "target": "清酒"}, {"weight": 0.723989608, "source": "香槟", "target": "威士忌酒"}, {"weight": 1.0, "source": "香槟", "target": "香槟"}, {"weight": 1.0, "source": "白水", "target": "白水"}, {"weight": 0.58006144, "source": "白水", "target": "冰红茶"}, {"weight": 0.778758175, "source": "白水", "target": "纯净水"}, {"weight": 0.625556392, "source": "白水", "target": "瓶装水"}, {"weight": 1.0, "source": "法式面包", "target": "法式面包"}, {"weight": 0.678342536, "source": "法式面包", "target": "烤面包"}, {"weight": 0.578227222, "source": "法式面包", "target": "麻花"}, {"weight": 1.0, "source": "方便面", "target": "方便面"}, {"weight": 0.556497376, "source": "方便面", "target": "冷面"}, {"weight": 0.691635672, "source": "方便面", "target": "牛肉面"}, {"weight": 0.775456616, "source": "方便面", "target": "意大利面"}, {"weight": 0.539050794, "source": "茶包", "target": "碧螺春"}, {"weight": 1.0, "source": "茶包", "target": "茶包"}, {"weight": 0.542822963, "source": "茶包", "target": "奶茶"}, {"weight": 0.538950555, "source": "茶包", "target": "普洱茶"}, {"weight": 0.696969062, "source": "茶包", "target": "乌龙茶"}, {"weight": 0.675667193, "source": "油条", "target": "煎蛋卷"}, {"weight": 0.566352589, "source": "油条", "target": "馒头"}, {"weight": 1.0, "source": "油条", "target": "油条"}, {"weight": 0.524652, "source": "花生", "target": "谷子"}, {"weight": 1.0, "source": "花生", "target": "花生"}, {"weight": 0.541567, "source": "花生", "target": "咖啡豆"}, {"weight": 0.623544247, "source": "花生", "target": "葵花籽"}, {"weight": 1.0, "source": "橙汁", "target": "橙汁"}, {"weight": 0.583540477, "source": "橙汁", "target": "豆浆"}, {"weight": 0.548564549, "source": "橙汁", "target": "豆奶"}, {"weight": 0.716713766, "source": "橙汁", "target": "果汁"}, {"weight": 0.552224052, "source": "橙汁", "target": "橘子汽水"}, {"weight": 0.786532771, "source": "橙汁", "target": "苹果汁"}, {"weight": 0.88478043, "source": "橙汁", "target": "葡萄汁"}, {"weight": 0.666729255, "source": "饺子", "target": "包子"}, {"weight": 0.812556793, "source": "饺子", "target": "春卷"}, {"weight": 0.802500257, "source": "饺子", "target": "馄饨"}, {"weight": 0.779987155, "source": "饺子", "target": "煎饼"}, {"weight": 1.0, "source": "饺子", "target": "饺子"}, {"weight": 0.796615487, "source": "饺子", "target": "披萨"}, {"weight": 0.80090015, "source": "饺子", "target": "馅饼"}, {"weight": 0.535438646, "source": "棉花糖", "target": "可可巧克力"}, {"weight": 1.0, "source": "棉花糖", "target": "棉花糖"}, {"weight": 0.534498646, "source": "棉花糖", "target": "奶酪"}, {"weight": 0.535346395, "source": "魔芋", "target": "谷子"}, {"weight": 1.0, "source": "魔芋", "target": "魔芋"}, {"weight": 1.0, "source": "大饼", "target": "大饼"}, {"weight": 0.541383029, "source": "大饼", "target": "凉皮"}, {"weight": 0.522536579, "source": "大饼", "target": "馒头"}, {"weight": 0.574583766, "source": "大饼", "target": "面筋"}, {"weight": 1.0, "source": "红酒", "target": "红酒"}, {"weight": 0.843929865, "source": "红酒", "target": "鸡尾酒"}, {"weight": 0.861721553, "source": "红酒", "target": "葡萄酒"}, {"weight": 0.849316732, "source": "红酒", "target": "清酒"}, {"weight": 0.949534837, "source": "红酒", "target": "威士忌酒"}, {"weight": 0.807246189, "source": "味精", "target": "白砂糖"}, {"weight": 0.64946965, "source": "味精", "target": "白糖"}, {"weight": 0.62124751, "source": "味精", "target": "冰糖"}, {"weight": 0.67442557, "source": "味精", "target": "花生酱"}, {"weight": 0.612819927, "source": "味精", "target": "辣椒粉"}, {"weight": 0.542046756, "source": "味精", "target": "辣椒酱"}, {"weight": 1.0, "source": "味精", "target": "味精"}, {"weight": 0.800919705, "source": "味精", "target": "蔗糖"}, {"weight": 0.747352218, "source": "普洱茶", "target": "碧螺春"}, {"weight": 0.554445975, "source": "普洱茶", "target": "茶"}, {"weight": 0.833448101, "source": "普洱茶", "target": "红茶"}, {"weight": 1.0, "source": "普洱茶", "target": "普洱茶"}, {"weight": 0.639487461, "source": "普洱茶", "target": "乌龙茶"}, {"weight": 1.0, "source": "包子", "target": "包子"}, {"weight": 0.61317797, "source": "包子", "target": "春卷"}, {"weight": 0.715922518, "source": "包子", "target": "馄饨"}, {"weight": 0.698521749, "source": "包子", "target": "煎饼"}, {"weight": 0.615099933, "source": "包子", "target": "披萨"}, {"weight": 0.694351856, "source": "包子", "target": "馅饼"}, {"weight": 0.786843022, "source": "蔗糖", "target": "白砂糖"}, {"weight": 0.728870575, "source": "蔗糖", "target": "白糖"}, {"weight": 0.681499701, "source": "蔗糖", "target": "冰糖"}, {"weight": 0.615727573, "source": "蔗糖", "target": "花生酱"}, {"weight": 0.578972347, "source": "蔗糖", "target": "辣椒粉"}, {"weight": 1.0, "source": "蔗糖", "target": "蔗糖"}, {"weight": 1.0, "source": "麻花", "target": "麻花"}, {"weight": 0.619114142, "source": "酱油", "target": "醋"}, {"weight": 0.587459385, "source": "酱油", "target": "蜂蜜"}, {"weight": 0.560909072, "source": "酱油", "target": "花生酱"}, {"weight": 1.0, "source": "酱油", "target": "酱油"}, {"weight": 0.546733361, "source": "酱油", "target": "辣椒粉"}, {"weight": 0.581389572, "source": "酱油", "target": "面包酱"}, {"weight": 0.52061711, "source": "酱油", "target": "沙拉酱"}, {"weight": 0.543440392, "source": "面筋", "target": "烤面包"}, {"weight": 0.529919851, "source": "面筋", "target": "凉粉"}, {"weight": 0.580112153, "source": "面筋", "target": "凉皮"}, {"weight": 0.576554766, "source": "面筋", "target": "米线"}, {"weight": 1.0, "source": "面筋", "target": "面筋"}, {"weight": 0.540444645, "source": "泉水", "target": "纯净水"}, {"weight": 1.0, "source": "泉水", "target": "泉水"}, {"weight": 0.906429571, "source": "泉水", "target": "热水"}, {"weight": 1.0, "source": "羹汤", "target": "羹汤"}, {"weight": 0.831254269, "source": "羹汤", "target": "肉汤"}, {"weight": 0.570951932, "source": "苹果汁", "target": "豆浆"}, {"weight": 0.528621194, "source": "苹果汁", "target": "豆奶"}, {"weight": 0.773350871, "source": "苹果汁", "target": "果汁"}, {"weight": 0.592384891, "source": "苹果汁", "target": "橘子汽水"}, {"weight": 1.0, "source": "苹果汁", "target": "苹果汁"}, {"weight": 0.730994286, "source": "苹果汁", "target": "葡萄汁"}, {"weight": 1.0, "source": "肉汤", "target": "肉汤"}, {"weight": 0.567631592, "source": "香草冰淇淋", "target": "巧克力冰淇淋"}, {"weight": 1.0, "source": "香草冰淇淋", "target": "香草冰淇淋"}, {"weight": 0.637173604, "source": "汉堡", "target": "比萨"}, {"weight": 0.544263166, "source": "汉堡", "target": "春卷"}, {"weight": 1.0, "source": "汉堡", "target": "汉堡"}, {"weight": 0.607935945, "source": "汉堡", "target": "三明治"}, {"weight": 0.533385954, "source": "汉堡", "target": "馅饼"}, {"weight": 0.809230127, "source": "馅饼", "target": "春卷"}, {"weight": 0.70851426, "source": "馅饼", "target": "馄饨"}, {"weight": 0.861922457, "source": "馅饼", "target": "煎饼"}, {"weight": 0.830153444, "source": "馅饼", "target": "披萨"}, {"weight": 1.0, "source": "馅饼", "target": "馅饼"}, {"weight": 0.831472581, "source": "冰糖", "target": "白砂糖"}, {"weight": 0.663937601, "source": "冰糖", "target": "白糖"}, {"weight": 1.0, "source": "冰糖", "target": "冰糖"}, {"weight": 0.669325983, "source": "冰糖", "target": "花生酱"}, {"weight": 0.612034655, "source": "冰糖", "target": "辣椒粉"}, {"weight": 0.594347069, "source": "芝麻", "target": "谷子"}, {"weight": 1.0, "source": "芝麻", "target": "芝麻"}, {"weight": 0.539223042, "source": "葡萄汁", "target": "豆浆"}, {"weight": 0.527665556, "source": "葡萄汁", "target": "蜂蜜"}, {"weight": 0.655466722, "source": "葡萄汁", "target": "果汁"}, {"weight": 0.546896784, "source": "葡萄汁", "target": "橘子汽水"}, {"weight": 0.545903646, "source": "葡萄汁", "target": "葡萄酒"}, {"weight": 1.0, "source": "葡萄汁", "target": "葡萄汁"}, {"weight": 0.542772483, "source": "三明治", "target": "比萨"}, {"weight": 0.541059305, "source": "三明治", "target": "披萨"}, {"weight": 1.0, "source": "三明治", "target": "三明治"}, {"weight": 1.0, "source": "黑胡椒", "target": "黑胡椒"}, {"weight": 0.652094874, "source": "黑胡椒", "target": "胡椒"}, {"weight": 0.589101237, "source": "果汁", "target": "豆浆"}, {"weight": 0.571632583, "source": "果汁", "target": "豆奶"}, {"weight": 1.0, "source": "果汁", "target": "果汁"}, {"weight": 0.671968639, "source": "果汁", "target": "橘子汽水"}, {"weight": 0.648118624, "source": "果汁", "target": "柠檬水"}, {"weight": 0.720898899, "source": "果汁", "target": "汽水"}, {"weight": 0.615038625, "source": "果汁", "target": "苏打水"}, {"weight": 0.547047171, "source": "果汁", "target": "酸奶"}, {"weight": 1.0, "source": "醋", "target": "醋"}, {"weight": 1.0, "source": "蜂蜜", "target": "蜂蜜"}, {"weight": 0.634800173, "source": "蜂蜜", "target": "糖浆"}, {"weight": 0.817103553, "source": "白糖", "target": "白砂糖"}, {"weight": 1.0, "source": "白糖", "target": "白糖"}, {"weight": 1.0, "source": "烤面包", "target": "烤面包"}, {"weight": 1.0, "source": "酸奶", "target": "酸奶"}, {"weight": 0.600749122, "source": "馒头", "target": "煎蛋卷"}, {"weight": 1.0, "source": "馒头", "target": "馒头"}, {"weight": 0.600372916, "source": "米线", "target": "凉粉"}, {"weight": 0.778812649, "source": "米线", "target": "凉皮"}, {"weight": 1.0, "source": "米线", "target": "米线"}, {"weight": 1.0, "source": "白饭", "target": "白饭"}, {"weight": 0.733506325, "source": "白饭", "target": "米饭"}, {"weight": 1.0, "source": "炒面", "target": "炒面"}, {"weight": 0.523928775, "source": "炒面", "target": "冷面"}, {"weight": 0.582258092, "source": "炒面", "target": "牛肉面"}, {"weight": 0.626059374, "source": "炒面", "target": "意大利面"}, {"weight": 0.800744532, "source": "瓶装水", "target": "纯净水"}, {"weight": 1.0, "source": "瓶装水", "target": "瓶装水"}, {"weight": 0.542510372, "source": "瓶装水", "target": "汽水"}, {"weight": 0.657850879, "source": "瓶装水", "target": "苏打水"}, {"weight": 1.0, "source": "橘子汽水", "target": "橘子汽水"}, {"weight": 0.532178549, "source": "橘子汽水", "target": "柠檬水"}, {"weight": 0.720376876, "source": "橘子汽水", "target": "汽水"}, {"weight": 0.750754577, "source": "橘子汽水", "target": "苏打水"}, {"weight": 0.60008001, "source": "煎蛋卷", "target": "比萨"}, {"weight": 0.690512027, "source": "煎蛋卷", "target": "饼干"}, {"weight": 0.555327147, "source": "煎蛋卷", "target": "煎饼"}, {"weight": 1.0, "source": "煎蛋卷", "target": "煎蛋卷"}, {"weight": 0.588064255, "source": "煎蛋卷", "target": "甜点"}, {"weight": 1.0, "source": "椒盐", "target": "椒盐"}, {"weight": 0.590645751, "source": "椒盐", "target": "辣椒粉"}, {"weight": 0.545046882, "source": "面粉", "target": "米饭"}, {"weight": 1.0, "source": "面粉", "target": "面粉"}, {"weight": 1.0, "source": "牦牛奶", "target": "牦牛奶"}, {"weight": 0.905822798, "source": "牦牛奶", "target": "巧克力牛奶"}, {"weight": 0.917265254, "source": "牦牛奶", "target": "全脂牛奶"}, {"weight": 0.622543904, "source": "花生酱", "target": "白砂糖"}, {"weight": 0.530936421, "source": "花生酱", "target": "胡椒"}, {"weight": 1.0, "source": "花生酱", "target": "花生酱"}, {"weight": 0.590477583, "source": "花生酱", "target": "咖喱酱"}, {"weight": 0.723598346, "source": "花生酱", "target": "辣椒粉"}, {"weight": 0.647245251, "source": "花生酱", "target": "辣椒酱"}, {"weight": 0.631182182, "source": "花生酱", "target": "面包酱"}, {"weight": 0.615601889, "source": "沙拉酱", "target": "辣椒酱"}, {"weight": 0.648666441, "source": "沙拉酱", "target": "面包酱"}, {"weight": 1.0, "source": "沙拉酱", "target": "沙拉酱"}, {"weight": 1.0, "source": "巧克力冰淇淋", "target": "巧克力冰淇淋"}, {"weight": 0.653040886, "source": "辣椒酱", "target": "咖喱酱"}, {"weight": 0.680298719, "source": "辣椒酱", "target": "辣椒粉"}, {"weight": 1.0, "source": "辣椒酱", "target": "辣椒酱"}, {"weight": 0.557759516, "source": "辣椒酱", "target": "面包酱"}, {"weight": 0.86221451, "source": "全脂牛奶", "target": "巧克力牛奶"}, {"weight": 1.0, "source": "全脂牛奶", "target": "全脂牛奶"}, {"weight": 0.656258222, "source": "糖果", "target": "棒棒糖"}, {"weight": 0.52490385, "source": "糖果", "target": "干果"}, {"weight": 1.0, "source": "糖果", "target": "糖果"}, {"weight": 1.0, "source": "咖啡豆", "target": "咖啡豆"}, {"weight": 1.0, "source": "冰淇淋", "target": "冰淇淋"}, {"weight": 0.676753853, "source": "凉皮", "target": "凉粉"}, {"weight": 1.0, "source": "凉皮", "target": "凉皮"}, {"weight": 1.0, "source": "豆浆", "target": "豆浆"}, {"weight": 0.902514975, "source": "豆浆", "target": "豆奶"}, {"weight": 0.52068206, "source": "豆浆", "target": "葡萄酒"}, {"weight": 1.0, "source": "巧克力牛奶", "target": "巧克力牛奶"}, {"weight": 1.0, "source": "凉粉", "target": "凉粉"}, {"weight": 1.0, "source": "白砂糖", "target": "白砂糖"}, {"weight": 0.585275224, "source": "白砂糖", "target": "辣椒粉"}, {"weight": 1.0, "source": "谷子", "target": "谷子"}, {"weight": 0.757494027, "source": "清酒", "target": "鸡尾酒"}, {"weight": 0.752018789, "source": "清酒", "target": "葡萄酒"}, {"weight": 1.0, "source": "清酒", "target": "清酒"}, {"weight": 0.829220416, "source": "清酒", "target": "威士忌酒"}, {"weight": 0.641162821, "source": "辣椒粉", "target": "胡椒"}, {"weight": 0.576726131, "source": "辣椒粉", "target": "咖喱酱"}, {"weight": 1.0, "source": "辣椒粉", "target": "辣椒粉"}, {"weight": 0.525827094, "source": "辣椒粉", "target": "面包酱"}, {"weight": 1.0, "source": "冰淇淋蛋糕", "target": "冰淇淋蛋糕"}, {"weight": 0.568466231, "source": "冰淇淋蛋糕", "target": "布丁"}, {"weight": 0.584028638, "source": "冰淇淋蛋糕", "target": "甜点"}, {"weight": 0.617572574, "source": "冰淇淋蛋糕", "target": "芝士蛋糕"}, {"weight": 0.587490524, "source": "全麦饼干", "target": "布丁"}, {"weight": 1.0, "source": "全麦饼干", "target": "全麦饼干"}, {"weight": 0.53347965, "source": "全麦饼干", "target": "芝士蛋糕"}, {"weight": 0.773033016, "source": "煎饼", "target": "春卷"}, {"weight": 0.648856445, "source": "煎饼", "target": "馄饨"}, {"weight": 1.0, "source": "煎饼", "target": "煎饼"}, {"weight": 0.809391514, "source": "煎饼", "target": "披萨"}, {"weight": 0.6702424, "source": "苏打水", "target": "纯净水"}, {"weight": 0.878548177, "source": "苏打水", "target": "汽水"}, {"weight": 1.0, "source": "苏打水", "target": "苏打水"}, {"weight": 1.0, "source": "冷面", "target": "冷面"}, {"weight": 0.718961392, "source": "冷面", "target": "牛肉面"}, {"weight": 0.659274687, "source": "冷面", "target": "意大利面"}, {"weight": 1.0, "source": "热水", "target": "热水"}, {"weight": 0.698981922, "source": "饼干", "target": "比萨"}, {"weight": 1.0, "source": "饼干", "target": "饼干"}, {"weight": 0.610183212, "source": "饼干", "target": "布丁"}, {"weight": 1.0, "source": "棒棒糖", "target": "棒棒糖"}, {"weight": 0.847157222, "source": "威士忌酒", "target": "鸡尾酒"}, {"weight": 0.808034755, "source": "威士忌酒", "target": "葡萄酒"}, {"weight": 1.0, "source": "威士忌酒", "target": "威士忌酒"}, {"weight": 1.0, "source": "甜点", "target": "甜点"}, {"weight": 1.0, "source": "胡椒", "target": "胡椒"}, {"weight": 1.0, "source": "稀饭", "target": "稀饭"}, {"weight": 0.567690523, "source": "汽水", "target": "纯净水"}, {"weight": 1.0, "source": "汽水", "target": "汽水"}, {"weight": 1.0, "source": "豆奶", "target": "豆奶"}, {"weight": 1.0, "source": "糖浆", "target": "糖浆"}, {"weight": 1.0, "source": "干果", "target": "干果"}, {"weight": 0.711478919, "source": "干果", "target": "坚果"}, {"weight": 0.560452741, "source": "芝士蛋糕", "target": "布丁"}, {"weight": 1.0, "source": "芝士蛋糕", "target": "芝士蛋糕"}, {"weight": 1.0, "source": "鸡尾酒", "target": "鸡尾酒"}, {"weight": 0.720379978, "source": "鸡尾酒", "target": "葡萄酒"}, {"weight": 1.0, "source": "奶酪", "target": "奶酪"}, {"weight": 1.0, "source": "葡萄酒", "target": "葡萄酒"}, {"weight": 1.0, "source": "纯净水", "target": "纯净水"}, {"weight": 0.822186855, "source": "馄饨", "target": "春卷"}, {"weight": 1.0, "source": "馄饨", "target": "馄饨"}, {"weight": 0.704690057, "source": "馄饨", "target": "披萨"}, {"weight": 1.0, "source": "可可巧克力", "target": "可可巧克力"}, {"weight": 0.534314432, "source": "茶", "target": "碧螺春"}, {"weight": 1.0, "source": "茶", "target": "茶"}, {"weight": 0.598880961, "source": "茶", "target": "红茶"}, {"weight": 1.0, "source": "碧螺春", "target": "碧螺春"}, {"weight": 0.759740518, "source": "碧螺春", "target": "红茶"}, {"weight": 0.605119778, "source": "碧螺春", "target": "乌龙茶"}, {"weight": 0.737806051, "source": "意大利面", "target": "牛肉面"}, {"weight": 1.0, "source": "意大利面", "target": "意大利面"}, {"weight": 0.550774526, "source": "葵花籽", "target": "坚果"}, {"weight": 1.0, "source": "葵花籽", "target": "葵花籽"}, {"weight": 1.0, "source": "比萨", "target": "比萨"}, {"weight": 0.613824582, "source": "比萨", "target": "披萨"}, {"weight": 1.0, "source": "咖喱酱", "target": "咖喱酱"}, {"weight": 1.0, "source": "布丁", "target": "布丁"}, {"weight": 1.0, "source": "小米", "target": "小米"}, {"weight": 0.606033831, "source": "乌龙茶", "target": "冰红茶"}, {"weight": 0.67598125, "source": "乌龙茶", "target": "红茶"}, {"weight": 0.697658745, "source": "乌龙茶", "target": "奶茶"}, {"weight": 1.0, "source": "乌龙茶", "target": "乌龙茶"}, {"weight": 0.640479218, "source": "奶茶", "target": "冰红茶"}, {"weight": 0.570672919, "source": "奶茶", "target": "红茶"}, {"weight": 1.0, "source": "奶茶", "target": "奶茶"}, {"weight": 1.0, "source": "草莓酱", "target": "草莓酱"}, {"weight": 1.0, "source": "坚果", "target": "坚果"}, {"weight": 1.0, "source": "春卷", "target": "春卷"}, {"weight": 0.756920815, "source": "春卷", "target": "披萨"}, {"weight": 1.0, "source": "牛肉面", "target": "牛肉面"}, {"weight": 1.0, "source": "冰红茶", "target": "冰红茶"}, {"weight": 1.0, "source": "红茶", "target": "红茶"}, {"weight": 1.0, "source": "面包酱", "target": "面包酱"}, {"weight": 1.0, "source": "米饭", "target": "米饭"}, {"weight": 1.0, "source": "柠檬水", "target": "柠檬水"}, {"weight": 1.0, "source": "披萨", "target": "披萨"}]}