{"directed": false, "multigraph": false, "graph": {}, "nodes": [{"subcategory": "身体部位", "maincategory": "身体部位", "id": "眉毛"}, {"subcategory": "身体部位", "maincategory": "身体部位", "id": "肋骨"}, {"subcategory": "身体部位", "maincategory": "身体部位", "id": "大脑"}, {"subcategory": "身体部位", "maincategory": "身体部位", "id": "心脏"}, {"subcategory": "身体部位", "maincategory": "身体部位", "id": "手"}, {"subcategory": "身体部位", "maincategory": "身体部位", "id": "耳垂"}, {"subcategory": "身体部位", "maincategory": "身体部位", "id": "眼睛"}, {"subcategory": "身体部位", "maincategory": "身体部位", "id": "头皮"}, {"subcategory": "身体部位", "maincategory": "身体部位", "id": "骨架"}, {"subcategory": "身体部位", "maincategory": "身体部位", "id": "血管"}, {"subcategory": "身体部位", "maincategory": "身体部位", "id": "手掌"}, {"subcategory": "身体部位", "maincategory": "身体部位", "id": "头"}, {"subcategory": "身体部位", "maincategory": "身体部位", "id": "脚趾"}, {"subcategory": "身体部位", "maincategory": "身体部位", "id": "腿"}, {"subcategory": "身体部位", "maincategory": "身体部位", "id": "胡须"}, {"subcategory": "身体部位", "maincategory": "身体部位", "id": "脚背"}, {"subcategory": "身体部位", "maincategory": "身体部位", "id": "睫毛"}, {"subcategory": "身体部位", "maincategory": "身体部位", "id": "膝盖"}, {"subcategory": "身体部位", "maincategory": "身体部位", "id": "牙齿"}, {"subcategory": "身体部位", "maincategory": "身体部位", "id": "皮肤"}, {"subcategory": "身体部位", "maincategory": "身体部位", "id": "臀部"}, {"subcategory": "身体部位", "maincategory": "身体部位", "id": "头发"}, {"subcategory": "身体部位", "maincategory": "身体部位", "id": "泪珠"}, {"subcategory": "身体部位", "maincategory": "身体部位", "id": "脚后跟"}, {"subcategory": "身体部位", "maincategory": "身体部位", "id": "手臂"}, {"subcategory": "身体部位", "maincategory": "身体部位", "id": "耳朵"}, {"subcategory": "身体部位", "maincategory": "身体部位", "id": "关节"}, {"subcategory": "身体部位", "maincategory": "身体部位", "id": "大腿"}, {"subcategory": "身体部位", "maincategory": "身体部位", "id": "口腔"}, {"subcategory": "身体部位", "maincategory": "身体部位", "id": "肩膀"}, {"subcategory": "身体部位", "maincategory": "身体部位", "id": "嘴唇"}, {"subcategory": "身体部位", "maincategory": "身体部位", "id": "拇指"}, {"subcategory": "身体部位", "maincategory": "身体部位", "id": "鼻子"}, {"subcategory": "身体部位", "maincategory": "身体部位", "id": "脚"}, {"subcategory": "身体部位", "maincategory": "身体部位", "id": "手指"}, {"subcategory": "身体部位", "maincategory": "身体部位", "id": "指甲"}, {"subcategory": "身体部位", "maincategory": "身体部位", "id": "喉"}], "links": [{"weight": 0.530345061, "source": "眉毛", "target": "胡须"}, {"weight": 0.593708555, "source": "眉毛", "target": "脚背"}, {"weight": 0.918043979, "source": "眉毛", "target": "睫毛"}, {"weight": 1.0, "source": "眉毛", "target": "眉毛"}, {"weight": 0.566501264, "source": "眉毛", "target": "皮肤"}, {"weight": 0.716238309, "source": "眉毛", "target": "头发"}, {"weight": 0.636505106, "source": "眉毛", "target": "嘴唇"}, {"weight": 0.692887325, "source": "肋骨", "target": "骨架"}, {"weight": 1.0, "source": "肋骨", "target": "肋骨"}, {"weight": 0.575959049, "source": "肋骨", "target": "指甲"}, {"weight": 1.0, "source": "大脑", "target": "大脑"}, {"weight": 0.550517086, "source": "大脑", "target": "大腿"}, {"weight": 0.683568478, "source": "大脑", "target": "头"}, {"weight": 0.577027093, "source": "大脑", "target": "臀部"}, {"weight": 0.547428125, "source": "大脑", "target": "心脏"}, {"weight": 0.531164825, "source": "大脑", "target": "血管"}, {"weight": 0.684361942, "source": "心脏", "target": "大腿"}, {"weight": 0.544189751, "source": "心脏", "target": "耳朵"}, {"weight": 0.552685258, "source": "心脏", "target": "关节"}, {"weight": 0.60156091, "source": "心脏", "target": "喉"}, {"weight": 0.651037555, "source": "心脏", "target": "肩膀"}, {"weight": 0.636842534, "source": "心脏", "target": "脚趾"}, {"weight": 0.616929919, "source": "心脏", "target": "拇指"}, {"weight": 0.530388659, "source": "心脏", "target": "手"}, {"weight": 0.543053678, "source": "心脏", "target": "手臂"}, {"weight": 0.620603378, "source": "心脏", "target": "腿"}, {"weight": 0.796276364, "source": "心脏", "target": "臀部"}, {"weight": 0.629627064, "source": "心脏", "target": "膝盖"}, {"weight": 1.0, "source": "心脏", "target": "心脏"}, {"weight": 0.694034661, "source": "心脏", "target": "血管"}, {"weight": 0.524439705, "source": "心脏", "target": "眼睛"}, {"weight": 0.537168845, "source": "手", "target": "脚趾"}, {"weight": 0.636473875, "source": "手", "target": "拇指"}, {"weight": 1.0, "source": "手", "target": "手"}, {"weight": 0.852983229, "source": "手", "target": "手臂"}, {"weight": 0.864065397, "source": "手", "target": "手掌"}, {"weight": 0.887756355, "source": "手", "target": "手指"}, {"weight": 0.585001422, "source": "手", "target": "臀部"}, {"weight": 0.570013456, "source": "耳垂", "target": "大腿"}, {"weight": 1.0, "source": "耳垂", "target": "耳垂"}, {"weight": 0.56741338, "source": "耳垂", "target": "喉"}, {"weight": 0.561136143, "source": "耳垂", "target": "臀部"}, {"weight": 0.597361832, "source": "眼睛", "target": "臀部"}, {"weight": 1.0, "source": "眼睛", "target": "眼睛"}, {"weight": 0.529086687, "source": "头皮", "target": "骨架"}, {"weight": 0.679533601, "source": "头皮", "target": "头发"}, {"weight": 1.0, "source": "头皮", "target": "头皮"}, {"weight": 0.556835831, "source": "头皮", "target": "指甲"}, {"weight": 1.0, "source": "骨架", "target": "骨架"}, {"weight": 0.533019067, "source": "骨架", "target": "泪珠"}, {"weight": 0.754968441, "source": "骨架", "target": "指甲"}, {"weight": 0.765620454, "source": "血管", "target": "大腿"}, {"weight": 0.544158207, "source": "血管", "target": "关节"}, {"weight": 0.570299872, "source": "血管", "target": "喉"}, {"weight": 0.578915635, "source": "血管", "target": "肩膀"}, {"weight": 0.610529148, "source": "血管", "target": "脚趾"}, {"weight": 0.594081601, "source": "血管", "target": "拇指"}, {"weight": 0.534402451, "source": "血管", "target": "手臂"}, {"weight": 0.600906035, "source": "血管", "target": "腿"}, {"weight": 0.711301039, "source": "血管", "target": "臀部"}, {"weight": 0.535683969, "source": "血管", "target": "膝盖"}, {"weight": 1.0, "source": "血管", "target": "血管"}, {"weight": 0.537393656, "source": "手掌", "target": "大腿"}, {"weight": 0.541384209, "source": "手掌", "target": "肩膀"}, {"weight": 0.547087863, "source": "手掌", "target": "脚趾"}, {"weight": 0.883878504, "source": "手掌", "target": "手臂"}, {"weight": 1.0, "source": "手掌", "target": "手掌"}, {"weight": 0.804232548, "source": "手掌", "target": "手指"}, {"weight": 0.625284889, "source": "手掌", "target": "臀部"}, {"weight": 1.0, "source": "头", "target": "头"}, {"weight": 0.712543515, "source": "脚趾", "target": "大腿"}, {"weight": 0.543578924, "source": "脚趾", "target": "耳朵"}, {"weight": 0.570055978, "source": "脚趾", "target": "关节"}, {"weight": 0.663047498, "source": "脚趾", "target": "喉"}, {"weight": 0.710090041, "source": "脚趾", "target": "肩膀"}, {"weight": 0.654197784, "source": "脚趾", "target": "脚"}, {"weight": 0.650789451, "source": "脚趾", "target": "脚背"}, {"weight": 0.578086113, "source": "脚趾", "target": "脚后跟"}, {"weight": 1.0, "source": "脚趾", "target": "脚趾"}, {"weight": 0.798374245, "source": "脚趾", "target": "拇指"}, {"weight": 0.595530122, "source": "脚趾", "target": "手臂"}, {"weight": 0.579889989, "source": "脚趾", "target": "手指"}, {"weight": 0.649496215, "source": "脚趾", "target": "腿"}, {"weight": 0.852598629, "source": "脚趾", "target": "臀部"}, {"weight": 0.645606702, "source": "脚趾", "target": "膝盖"}, {"weight": 0.539084796, "source": "脚趾", "target": "嘴唇"}, {"weight": 0.790359332, "source": "腿", "target": "大腿"}, {"weight": 0.553339292, "source": "腿", "target": "喉"}, {"weight": 0.632256398, "source": "腿", "target": "肩膀"}, {"weight": 0.590018516, "source": "腿", "target": "脚"}, {"weight": 0.638777551, "source": "腿", "target": "拇指"}, {"weight": 0.582054693, "source": "腿", "target": "手臂"}, {"weight": 0.522496209, "source": "腿", "target": "手指"}, {"weight": 1.0, "source": "腿", "target": "腿"}, {"weight": 0.740296575, "source": "腿", "target": "臀部"}, {"weight": 0.617338945, "source": "腿", "target": "膝盖"}, {"weight": 1.0, "source": "胡须", "target": "胡须"}, {"weight": 0.54778248, "source": "胡须", "target": "睫毛"}, {"weight": 0.533760224, "source": "胡须", "target": "头发"}, {"weight": 0.553321982, "source": "脚背", "target": "大腿"}, {"weight": 0.552953136, "source": "脚背", "target": "肩膀"}, {"weight": 1.0, "source": "脚背", "target": "脚背"}, {"weight": 0.593221239, "source": "脚背", "target": "睫毛"}, {"weight": 0.531581283, "source": "脚背", "target": "拇指"}, {"weight": 0.626566669, "source": "脚背", "target": "皮肤"}, {"weight": 0.642226042, "source": "脚背", "target": "臀部"}, {"weight": 0.520180069, "source": "脚背", "target": "指甲"}, {"weight": 0.836049488, "source": "脚背", "target": "嘴唇"}, {"weight": 1.0, "source": "睫毛", "target": "睫毛"}, {"weight": 0.568020134, "source": "睫毛", "target": "皮肤"}, {"weight": 0.713342222, "source": "睫毛", "target": "头发"}, {"weight": 0.639553872, "source": "睫毛", "target": "嘴唇"}, {"weight": 0.666081574, "source": "膝盖", "target": "大腿"}, {"weight": 0.849954039, "source": "膝盖", "target": "关节"}, {"weight": 0.567365948, "source": "膝盖", "target": "喉"}, {"weight": 0.802018551, "source": "膝盖", "target": "肩膀"}, {"weight": 0.520260342, "source": "膝盖", "target": "脚"}, {"weight": 0.66183986, "source": "膝盖", "target": "脚后跟"}, {"weight": 0.638423169, "source": "膝盖", "target": "拇指"}, {"weight": 0.546000455, "source": "膝盖", "target": "手臂"}, {"weight": 0.757021794, "source": "膝盖", "target": "臀部"}, {"weight": 1.0, "source": "膝盖", "target": "膝盖"}, {"weight": 0.583770203, "source": "膝盖", "target": "牙齿"}, {"weight": 0.57033051, "source": "牙齿", "target": "关节"}, {"weight": 0.603148127, "source": "牙齿", "target": "肩膀"}, {"weight": 0.578885596, "source": "牙齿", "target": "脚后跟"}, {"weight": 0.581126101, "source": "牙齿", "target": "口腔"}, {"weight": 0.528840961, "source": "牙齿", "target": "臀部"}, {"weight": 1.0, "source": "牙齿", "target": "牙齿"}, {"weight": 1.0, "source": "皮肤", "target": "皮肤"}, {"weight": 0.65862589, "source": "皮肤", "target": "嘴唇"}, {"weight": 0.600055297, "source": "臀部", "target": "鼻子"}, {"weight": 0.811203123, "source": "臀部", "target": "大腿"}, {"weight": 0.584147185, "source": "臀部", "target": "耳朵"}, {"weight": 0.654424439, "source": "臀部", "target": "关节"}, {"weight": 0.776358075, "source": "臀部", "target": "喉"}, {"weight": 0.821104206, "source": "臀部", "target": "肩膀"}, {"weight": 0.651190277, "source": "臀部", "target": "脚"}, {"weight": 0.643732033, "source": "臀部", "target": "脚后跟"}, {"weight": 0.834059366, "source": "臀部", "target": "拇指"}, {"weight": 0.684903322, "source": "臀部", "target": "手臂"}, {"weight": 0.625265234, "source": "臀部", "target": "手指"}, {"weight": 1.0, "source": "臀部", "target": "臀部"}, {"weight": 0.631456027, "source": "臀部", "target": "嘴唇"}, {"weight": 1.0, "source": "头发", "target": "头发"}, {"weight": 1.0, "source": "泪珠", "target": "泪珠"}, {"weight": 0.54012589, "source": "泪珠", "target": "指甲"}, {"weight": 0.533987382, "source": "脚后跟", "target": "大腿"}, {"weight": 0.56142955, "source": "脚后跟", "target": "关节"}, {"weight": 0.739715895, "source": "脚后跟", "target": "肩膀"}, {"weight": 0.566642194, "source": "脚后跟", "target": "脚"}, {"weight": 1.0, "source": "脚后跟", "target": "脚后跟"}, {"weight": 0.536980421, "source": "脚后跟", "target": "拇指"}, {"weight": 0.634338848, "source": "手臂", "target": "大腿"}, {"weight": 0.521696631, "source": "手臂", "target": "喉"}, {"weight": 0.599953726, "source": "手臂", "target": "肩膀"}, {"weight": 0.59333827, "source": "手臂", "target": "拇指"}, {"weight": 1.0, "source": "手臂", "target": "手臂"}, {"weight": 0.916958628, "source": "手臂", "target": "手指"}, {"weight": 1.0, "source": "耳朵", "target": "耳朵"}, {"weight": 1.0, "source": "关节", "target": "关节"}, {"weight": 0.702484719, "source": "关节", "target": "肩膀"}, {"weight": 0.55587264, "source": "关节", "target": "拇指"}, {"weight": 0.598223695, "source": "大腿", "target": "鼻子"}, {"weight": 1.0, "source": "大腿", "target": "大腿"}, {"weight": 0.594531182, "source": "大腿", "target": "喉"}, {"weight": 0.702242358, "source": "大腿", "target": "肩膀"}, {"weight": 0.604539946, "source": "大腿", "target": "脚"}, {"weight": 0.6932626, "source": "大腿", "target": "拇指"}, {"weight": 0.599171571, "source": "大腿", "target": "手指"}, {"weight": 1.0, "source": "口腔", "target": "口腔"}, {"weight": 0.62417493, "source": "肩膀", "target": "喉"}, {"weight": 1.0, "source": "肩膀", "target": "肩膀"}, {"weight": 0.535956906, "source": "肩膀", "target": "脚"}, {"weight": 0.689211951, "source": "肩膀", "target": "拇指"}, {"weight": 0.537761756, "source": "肩膀", "target": "手指"}, {"weight": 0.551616542, "source": "嘴唇", "target": "喉"}, {"weight": 0.521715459, "source": "嘴唇", "target": "拇指"}, {"weight": 0.526651358, "source": "嘴唇", "target": "指甲"}, {"weight": 1.0, "source": "嘴唇", "target": "嘴唇"}, {"weight": 0.640121326, "source": "拇指", "target": "喉"}, {"weight": 0.597088296, "source": "拇指", "target": "脚"}, {"weight": 1.0, "source": "拇指", "target": "拇指"}, {"weight": 0.705455249, "source": "拇指", "target": "手指"}, {"weight": 1.0, "source": "鼻子", "target": "鼻子"}, {"weight": 1.0, "source": "脚", "target": "脚"}, {"weight": 1.0, "source": "手指", "target": "手指"}, {"weight": 1.0, "source": "指甲", "target": "指甲"}, {"weight": 1.0, "source": "喉", "target": "喉"}]}