{"directed": false, "multigraph": false, "graph": {}, "nodes": [{"subcategory": "自然物", "maincategory": "自然物", "id": "水晶"}, {"subcategory": "自然物", "maincategory": "自然物", "id": "岩石"}, {"subcategory": "自然物", "maincategory": "自然物", "id": "石头"}, {"subcategory": "自然物", "maincategory": "自然物", "id": "珍珠"}, {"subcategory": "自然物", "maincategory": "自然物", "id": "钻石"}, {"subcategory": "自然物", "maincategory": "自然物", "id": "大理石"}, {"subcategory": "自然物", "maincategory": "自然物", "id": "宝石"}], "links": [{"weight": 0.726460245, "source": "水晶", "target": "宝石"}, {"weight": 0.532857596, "source": "水晶", "target": "大理石"}, {"weight": 1.0, "source": "水晶", "target": "水晶"}, {"weight": 0.728620683, "source": "水晶", "target": "岩石"}, {"weight": 0.592247834, "source": "水晶", "target": "珍珠"}, {"weight": 0.602625248, "source": "水晶", "target": "钻石"}, {"weight": 0.562676821, "source": "岩石", "target": "宝石"}, {"weight": 0.595334056, "source": "岩石", "target": "大理石"}, {"weight": 0.520617024, "source": "岩石", "target": "石头"}, {"weight": 1.0, "source": "岩石", "target": "岩石"}, {"weight": 1.0, "source": "石头", "target": "石头"}, {"weight": 0.540735351, "source": "珍珠", "target": "宝石"}, {"weight": 0.537090401, "source": "珍珠", "target": "大理石"}, {"weight": 1.0, "source": "珍珠", "target": "珍珠"}, {"weight": 0.556109417, "source": "珍珠", "target": "钻石"}, {"weight": 0.598227512, "source": "钻石", "target": "宝石"}, {"weight": 1.0, "source": "钻石", "target": "钻石"}, {"weight": 1.0, "source": "大理石", "target": "大理石"}, {"weight": 1.0, "source": "宝石", "target": "宝石"}]}