{"directed": false, "multigraph": false, "graph": {}, "nodes": [{"subcategory": "船", "maincategory": "交通工具", "id": "游轮"}, {"subcategory": "车", "maincategory": "交通工具", "id": "轿车"}, {"subcategory": "车", "maincategory": "交通工具", "id": "碰碰车"}, {"subcategory": "船", "maincategory": "交通工具", "id": "豪华客轮"}, {"subcategory": "车", "maincategory": "交通工具", "id": "出租车"}, {"subcategory": "车", "maincategory": "交通工具", "id": "吊车"}, {"subcategory": "船", "maincategory": "交通工具", "id": "皮艇"}, {"subcategory": "车", "maincategory": "交通工具", "id": "吉普车"}, {"subcategory": "车", "maincategory": "交通工具", "id": "缆车"}, {"subcategory": "车", "maincategory": "交通工具", "id": "手推车"}, {"subcategory": "车", "maincategory": "交通工具", "id": "汽车"}, {"subcategory": "车", "maincategory": "交通工具", "id": "自行车"}, {"subcategory": "车", "maincategory": "交通工具", "id": "运钞车"}, {"subcategory": "车", "maincategory": "交通工具", "id": "推土机"}, {"subcategory": "车", "maincategory": "交通工具", "id": "婴儿车"}, {"subcategory": "船", "maincategory": "交通工具", "id": "潜艇"}, {"subcategory": "船", "maincategory": "交通工具", "id": "帆船"}, {"subcategory": "车", "maincategory": "交通工具", "id": "消防车"}, {"subcategory": "车", "maincategory": "交通工具", "id": "摩托车"}, {"subcategory": "车", "maincategory": "交通工具", "id": "三轮车"}, {"subcategory": "车", "maincategory": "交通工具", "id": "房车"}, {"subcategory": "车", "maincategory": "交通工具", "id": "地铁"}, {"subcategory": "车", "maincategory": "交通工具", "id": "行李车"}, {"subcategory": "车", "maincategory": "交通工具", "id": "电动汽车"}, {"subcategory": "车", "maincategory": "交通工具", "id": "马车"}, {"subcategory": "车", "maincategory": "交通工具", "id": "四轮马车"}, {"subcategory": "车", "maincategory": "交通工具", "id": "救护车"}, {"subcategory": "车", "maincategory": "交通工具", "id": "洒水车"}, {"subcategory": "车", "maincategory": "交通工具", "id": "卡车"}, {"subcategory": "船", "maincategory": "交通工具", "id": "游艇"}, {"subcategory": "车", "maincategory": "交通工具", "id": "公交车"}, {"subcategory": "车", "maincategory": "交通工具", "id": "挖掘机"}, {"subcategory": "车", "maincategory": "交通工具", "id": "卡丁车"}, {"subcategory": "车", "maincategory": "交通工具", "id": "车辆"}, {"subcategory": "车", "maincategory": "交通工具", "id": "有轨电车"}, {"subcategory": "车", "maincategory": "交通工具", "id": "豪华轿车"}, {"subcategory": "车", "maincategory": "交通工具", "id": "赛车"}, {"subcategory": "车", "maincategory": "交通工具", "id": "跑车"}, {"subcategory": "车", "maincategory": "交通工具", "id": "敞篷跑车"}, {"subcategory": "车", "maincategory": "交通工具", "id": "巴士"}, {"subcategory": "车", "maincategory": "交通工具", "id": "火车"}, {"subcategory": "船", "maincategory": "交通工具", "id": "独木舟"}], "links": [{"weight": 0.625112264, "source": "游轮", "target": "帆船"}, {"weight": 0.65958212, "source": "游轮", "target": "豪华客轮"}, {"weight": 1.0, "source": "游轮", "target": "游轮"}, {"weight": 0.781845995, "source": "游轮", "target": "游艇"}, {"weight": 0.757347674, "source": "轿车", "target": "巴士"}, {"weight": 0.701994605, "source": "轿车", "target": "敞篷跑车"}, {"weight": 0.867281794, "source": "轿车", "target": "车辆"}, {"weight": 0.877728347, "source": "轿车", "target": "出租车"}, {"weight": 0.546860383, "source": "轿车", "target": "地铁"}, {"weight": 0.78920791, "source": "轿车", "target": "电动汽车"}, {"weight": 0.703705488, "source": "轿车", "target": "房车"}, {"weight": 0.830736944, "source": "轿车", "target": "公交车"}, {"weight": 0.606904148, "source": "轿车", "target": "行李车"}, {"weight": 0.86421029, "source": "轿车", "target": "豪华轿车"}, {"weight": 0.576752732, "source": "轿车", "target": "火车"}, {"weight": 0.850332934, "source": "轿车", "target": "吉普车"}, {"weight": 1.0, "source": "轿车", "target": "轿车"}, {"weight": 0.616813741, "source": "轿车", "target": "救护车"}, {"weight": 0.823244366, "source": "轿车", "target": "卡车"}, {"weight": 0.836329474, "source": "轿车", "target": "卡丁车"}, {"weight": 0.590046892, "source": "轿车", "target": "缆车"}, {"weight": 0.544845811, "source": "轿车", "target": "马车"}, {"weight": 0.736340672, "source": "轿车", "target": "摩托车"}, {"weight": 0.840804124, "source": "轿车", "target": "跑车"}, {"weight": 0.862568883, "source": "轿车", "target": "汽车"}, {"weight": 0.857487001, "source": "轿车", "target": "赛车"}, {"weight": 0.708160408, "source": "轿车", "target": "三轮车"}, {"weight": 0.525509559, "source": "轿车", "target": "手推车"}, {"weight": 0.547443464, "source": "轿车", "target": "有轨电车"}, {"weight": 0.566611188, "source": "轿车", "target": "自行车"}, {"weight": 0.521436596, "source": "碰碰车", "target": "电动汽车"}, {"weight": 0.567331644, "source": "碰碰车", "target": "行李车"}, {"weight": 0.540707479, "source": "碰碰车", "target": "卡丁车"}, {"weight": 1.0, "source": "碰碰车", "target": "碰碰车"}, {"weight": 0.525973638, "source": "豪华客轮", "target": "独木舟"}, {"weight": 0.56527847, "source": "豪华客轮", "target": "房车"}, {"weight": 1.0, "source": "豪华客轮", "target": "豪华客轮"}, {"weight": 0.545019337, "source": "豪华客轮", "target": "皮艇"}, {"weight": 0.541564413, "source": "豪华客轮", "target": "潜艇"}, {"weight": 0.746623416, "source": "豪华客轮", "target": "游艇"}, {"weight": 0.774213331, "source": "出租车", "target": "巴士"}, {"weight": 0.649714462, "source": "出租车", "target": "敞篷跑车"}, {"weight": 0.817265527, "source": "出租车", "target": "车辆"}, {"weight": 1.0, "source": "出租车", "target": "出租车"}, {"weight": 0.693880139, "source": "出租车", "target": "电动汽车"}, {"weight": 0.694253972, "source": "出租车", "target": "房车"}, {"weight": 0.874854261, "source": "出租车", "target": "公交车"}, {"weight": 0.547610692, "source": "出租车", "target": "行李车"}, {"weight": 0.838138883, "source": "出租车", "target": "豪华轿车"}, {"weight": 0.576538461, "source": "出租车", "target": "火车"}, {"weight": 0.782220159, "source": "出租车", "target": "吉普车"}, {"weight": 0.597292815, "source": "出租车", "target": "救护车"}, {"weight": 0.758669972, "source": "出租车", "target": "卡车"}, {"weight": 0.742046718, "source": "出租车", "target": "卡丁车"}, {"weight": 0.545161872, "source": "出租车", "target": "缆车"}, {"weight": 0.68187281, "source": "出租车", "target": "摩托车"}, {"weight": 0.785600046, "source": "出租车", "target": "跑车"}, {"weight": 0.795786458, "source": "出租车", "target": "汽车"}, {"weight": 0.753618955, "source": "出租车", "target": "赛车"}, {"weight": 0.633975573, "source": "出租车", "target": "三轮车"}, {"weight": 0.563309621, "source": "出租车", "target": "自行车"}, {"weight": 0.561893269, "source": "吊车", "target": "车辆"}, {"weight": 1.0, "source": "吊车", "target": "吊车"}, {"weight": 0.587199553, "source": "吊车", "target": "卡车"}, {"weight": 0.553167784, "source": "吊车", "target": "汽车"}, {"weight": 0.602154257, "source": "吊车", "target": "推土机"}, {"weight": 0.677828022, "source": "吊车", "target": "挖掘机"}, {"weight": 0.710393374, "source": "皮艇", "target": "独木舟"}, {"weight": 1.0, "source": "皮艇", "target": "皮艇"}, {"weight": 0.582713907, "source": "皮艇", "target": "游艇"}, {"weight": 0.774795439, "source": "吉普车", "target": "巴士"}, {"weight": 0.745063029, "source": "吉普车", "target": "敞篷跑车"}, {"weight": 0.827321796, "source": "吉普车", "target": "车辆"}, {"weight": 0.604909689, "source": "吉普车", "target": "地铁"}, {"weight": 0.681094683, "source": "吉普车", "target": "电动汽车"}, {"weight": 0.698885035, "source": "吉普车", "target": "房车"}, {"weight": 0.774612563, "source": "吉普车", "target": "公交车"}, {"weight": 0.588649587, "source": "吉普车", "target": "行李车"}, {"weight": 0.782449809, "source": "吉普车", "target": "豪华轿车"}, {"weight": 0.649461933, "source": "吉普车", "target": "火车"}, {"weight": 1.0, "source": "吉普车", "target": "吉普车"}, {"weight": 0.610623915, "source": "吉普车", "target": "救护车"}, {"weight": 0.90871844, "source": "吉普车", "target": "卡车"}, {"weight": 0.740305343, "source": "吉普车", "target": "卡丁车"}, {"weight": 0.578510096, "source": "吉普车", "target": "缆车"}, {"weight": 0.521929474, "source": "吉普车", "target": "马车"}, {"weight": 0.813017168, "source": "吉普车", "target": "摩托车"}, {"weight": 0.791239546, "source": "吉普车", "target": "跑车"}, {"weight": 0.906523729, "source": "吉普车", "target": "汽车"}, {"weight": 0.818924819, "source": "吉普车", "target": "赛车"}, {"weight": 0.822027184, "source": "吉普车", "target": "三轮车"}, {"weight": 0.620508436, "source": "吉普车", "target": "手推车"}, {"weight": 0.570525261, "source": "吉普车", "target": "四轮马车"}, {"weight": 0.622913329, "source": "吉普车", "target": "挖掘机"}, {"weight": 0.563017795, "source": "吉普车", "target": "消防车"}, {"weight": 0.614045139, "source": "吉普车", "target": "有轨电车"}, {"weight": 0.564760435, "source": "吉普车", "target": "运钞车"}, {"weight": 0.650995163, "source": "吉普车", "target": "自行车"}, {"weight": 0.571502492, "source": "缆车", "target": "巴士"}, {"weight": 0.558412608, "source": "缆车", "target": "车辆"}, {"weight": 0.721783138, "source": "缆车", "target": "电动汽车"}, {"weight": 0.579991914, "source": "缆车", "target": "公交车"}, {"weight": 0.589071881, "source": "缆车", "target": "行李车"}, {"weight": 0.547708923, "source": "缆车", "target": "豪华轿车"}, {"weight": 0.544953958, "source": "缆车", "target": "火车"}, {"weight": 0.556715413, "source": "缆车", "target": "卡车"}, {"weight": 0.552323552, "source": "缆车", "target": "卡丁车"}, {"weight": 1.0, "source": "缆车", "target": "缆车"}, {"weight": 0.575437435, "source": "缆车", "target": "马车"}, {"weight": 0.574671937, "source": "缆车", "target": "摩托车"}, {"weight": 0.585355702, "source": "缆车", "target": "跑车"}, {"weight": 0.566542117, "source": "缆车", "target": "汽车"}, {"weight": 0.6014538, "source": "缆车", "target": "赛车"}, {"weight": 0.550919704, "source": "缆车", "target": "三轮车"}, {"weight": 0.595784321, "source": "缆车", "target": "手推车"}, {"weight": 0.529550989, "source": "缆车", "target": "四轮马车"}, {"weight": 0.625603777, "source": "缆车", "target": "自行车"}, {"weight": 0.548676837, "source": "手推车", "target": "敞篷跑车"}, {"weight": 0.555066512, "source": "手推车", "target": "车辆"}, {"weight": 0.521496023, "source": "手推车", "target": "地铁"}, {"weight": 0.696580702, "source": "手推车", "target": "电动汽车"}, {"weight": 0.546876354, "source": "手推车", "target": "公交车"}, {"weight": 0.831016505, "source": "手推车", "target": "行李车"}, {"weight": 0.520058476, "source": "手推车", "target": "豪华轿车"}, {"weight": 0.595584817, "source": "手推车", "target": "火车"}, {"weight": 0.681631433, "source": "手推车", "target": "卡车"}, {"weight": 0.526815907, "source": "手推车", "target": "卡丁车"}, {"weight": 0.627623431, "source": "手推车", "target": "马车"}, {"weight": 0.656684945, "source": "手推车", "target": "摩托车"}, {"weight": 0.529761777, "source": "手推车", "target": "跑车"}, {"weight": 0.625719929, "source": "手推车", "target": "汽车"}, {"weight": 0.598434107, "source": "手推车", "target": "赛车"}, {"weight": 0.5977379, "source": "手推车", "target": "三轮车"}, {"weight": 1.0, "source": "手推车", "target": "手推车"}, {"weight": 0.71694344, "source": "手推车", "target": "四轮马车"}, {"weight": 0.761401711, "source": "手推车", "target": "自行车"}, {"weight": 0.730716548, "source": "汽车", "target": "巴士"}, {"weight": 0.790310534, "source": "汽车", "target": "敞篷跑车"}, {"weight": 0.85896324, "source": "汽车", "target": "车辆"}, {"weight": 0.592501796, "source": "汽车", "target": "地铁"}, {"weight": 0.759073142, "source": "汽车", "target": "电动汽车"}, {"weight": 0.690004192, "source": "汽车", "target": "房车"}, {"weight": 0.818258901, "source": "汽车", "target": "公交车"}, {"weight": 0.593188121, "source": "汽车", "target": "行李车"}, {"weight": 0.854083536, "source": "汽车", "target": "豪华轿车"}, {"weight": 0.640925419, "source": "汽车", "target": "火车"}, {"weight": 0.601138936, "source": "汽车", "target": "救护车"}, {"weight": 0.935799835, "source": "汽车", "target": "卡车"}, {"weight": 0.791988941, "source": "汽车", "target": "卡丁车"}, {"weight": 0.532977566, "source": "汽车", "target": "马车"}, {"weight": 0.836457292, "source": "汽车", "target": "摩托车"}, {"weight": 0.87459759, "source": "汽车", "target": "跑车"}, {"weight": 1.0, "source": "汽车", "target": "汽车"}, {"weight": 0.902652165, "source": "汽车", "target": "赛车"}, {"weight": 0.775747716, "source": "汽车", "target": "三轮车"}, {"weight": 0.600824362, "source": "汽车", "target": "四轮马车"}, {"weight": 0.600735625, "source": "汽车", "target": "挖掘机"}, {"weight": 0.560217938, "source": "汽车", "target": "消防车"}, {"weight": 0.600741882, "source": "汽车", "target": "有轨电车"}, {"weight": 0.582722427, "source": "汽车", "target": "运钞车"}, {"weight": 0.686150091, "source": "汽车", "target": "自行车"}, {"weight": 0.534010025, "source": "自行车", "target": "巴士"}, {"weight": 0.559141947, "source": "自行车", "target": "敞篷跑车"}, {"weight": 0.572491654, "source": "自行车", "target": "车辆"}, {"weight": 0.543168788, "source": "自行车", "target": "地铁"}, {"weight": 0.721158294, "source": "自行车", "target": "电动汽车"}, {"weight": 0.598077468, "source": "自行车", "target": "公交车"}, {"weight": 0.704212627, "source": "自行车", "target": "行李车"}, {"weight": 0.595572116, "source": "自行车", "target": "豪华轿车"}, {"weight": 0.618928532, "source": "自行车", "target": "火车"}, {"weight": 0.667160915, "source": "自行车", "target": "卡车"}, {"weight": 0.5288418, "source": "自行车", "target": "卡丁车"}, {"weight": 0.564520078, "source": "自行车", "target": "马车"}, {"weight": 0.761177771, "source": "自行车", "target": "摩托车"}, {"weight": 0.587382847, "source": "自行车", "target": "跑车"}, {"weight": 0.601309506, "source": "自行车", "target": "赛车"}, {"weight": 0.742105928, "source": "自行车", "target": "三轮车"}, {"weight": 0.624067542, "source": "自行车", "target": "四轮马车"}, {"weight": 0.559199503, "source": "自行车", "target": "有轨电车"}, {"weight": 1.0, "source": "自行车", "target": "自行车"}, {"weight": 0.522488733, "source": "运钞车", "target": "车辆"}, {"weight": 0.595715649, "source": "运钞车", "target": "卡车"}, {"weight": 0.55095964, "source": "运钞车", "target": "摩托车"}, {"weight": 0.555568513, "source": "运钞车", "target": "赛车"}, {"weight": 0.565787344, "source": "运钞车", "target": "婴儿车"}, {"weight": 1.0, "source": "运钞车", "target": "运钞车"}, {"weight": 0.527953977, "source": "推土机", "target": "卡车"}, {"weight": 1.0, "source": "推土机", "target": "推土机"}, {"weight": 0.777791834, "source": "推土机", "target": "挖掘机"}, {"weight": 1.0, "source": "婴儿车", "target": "婴儿车"}, {"weight": 1.0, "source": "潜艇", "target": "潜艇"}, {"weight": 0.520562443, "source": "潜艇", "target": "游艇"}, {"weight": 0.605079808, "source": "帆船", "target": "独木舟"}, {"weight": 1.0, "source": "帆船", "target": "帆船"}, {"weight": 0.664299176, "source": "帆船", "target": "游艇"}, {"weight": 0.588341424, "source": "消防车", "target": "卡车"}, {"weight": 0.540553584, "source": "消防车", "target": "摩托车"}, {"weight": 0.533301074, "source": "消防车", "target": "洒水车"}, {"weight": 1.0, "source": "消防车", "target": "消防车"}, {"weight": 0.66327826, "source": "摩托车", "target": "巴士"}, {"weight": 0.757095854, "source": "摩托车", "target": "敞篷跑车"}, {"weight": 0.732101352, "source": "摩托车", "target": "车辆"}, {"weight": 0.69326243, "source": "摩托车", "target": "电动汽车"}, {"weight": 0.62336336, "source": "摩托车", "target": "房车"}, {"weight": 0.707696182, "source": "摩托车", "target": "公交车"}, {"weight": 0.62812256, "source": "摩托车", "target": "行李车"}, {"weight": 0.695182194, "source": "摩托车", "target": "豪华轿车"}, {"weight": 0.527026617, "source": "摩托车", "target": "火车"}, {"weight": 0.561367287, "source": "摩托车", "target": "救护车"}, {"weight": 0.850430387, "source": "摩托车", "target": "卡车"}, {"weight": 0.693228687, "source": "摩托车", "target": "卡丁车"}, {"weight": 1.0, "source": "摩托车", "target": "摩托车"}, {"weight": 0.732256788, "source": "摩托车", "target": "跑车"}, {"weight": 0.750457779, "source": "摩托车", "target": "赛车"}, {"weight": 0.748523294, "source": "摩托车", "target": "三轮车"}, {"weight": 0.566665592, "source": "摩托车", "target": "四轮马车"}, {"weight": 0.561053661, "source": "摩托车", "target": "挖掘机"}, {"weight": 0.66560111, "source": "三轮车", "target": "巴士"}, {"weight": 0.626308608, "source": "三轮车", "target": "敞篷跑车"}, {"weight": 0.678036384, "source": "三轮车", "target": "车辆"}, {"weight": 0.584110825, "source": "三轮车", "target": "地铁"}, {"weight": 0.667800666, "source": "三轮车", "target": "电动汽车"}, {"weight": 0.611493508, "source": "三轮车", "target": "房车"}, {"weight": 0.669914618, "source": "三轮车", "target": "公交车"}, {"weight": 0.603516565, "source": "三轮车", "target": "行李车"}, {"weight": 0.656456754, "source": "三轮车", "target": "豪华轿车"}, {"weight": 0.610611325, "source": "三轮车", "target": "火车"}, {"weight": 0.805702344, "source": "三轮车", "target": "卡车"}, {"weight": 0.628714119, "source": "三轮车", "target": "卡丁车"}, {"weight": 0.668826695, "source": "三轮车", "target": "跑车"}, {"weight": 0.698737498, "source": "三轮车", "target": "赛车"}, {"weight": 1.0, "source": "三轮车", "target": "三轮车"}, {"weight": 0.545686483, "source": "三轮车", "target": "四轮马车"}, {"weight": 0.524472399, "source": "三轮车", "target": "挖掘机"}, {"weight": 0.593244476, "source": "三轮车", "target": "有轨电车"}, {"weight": 0.653403849, "source": "房车", "target": "巴士"}, {"weight": 0.567586086, "source": "房车", "target": "敞篷跑车"}, {"weight": 0.680198568, "source": "房车", "target": "车辆"}, {"weight": 0.608247246, "source": "房车", "target": "电动汽车"}, {"weight": 1.0, "source": "房车", "target": "房车"}, {"weight": 0.691526954, "source": "房车", "target": "公交车"}, {"weight": 0.714155126, "source": "房车", "target": "豪华轿车"}, {"weight": 0.691113192, "source": "房车", "target": "卡车"}, {"weight": 0.620684816, "source": "房车", "target": "卡丁车"}, {"weight": 0.696862293, "source": "房车", "target": "跑车"}, {"weight": 0.680148828, "source": "房车", "target": "赛车"}, {"weight": 0.526347021, "source": "地铁", "target": "巴士"}, {"weight": 0.531514577, "source": "地铁", "target": "车辆"}, {"weight": 1.0, "source": "地铁", "target": "地铁"}, {"weight": 0.566630626, "source": "地铁", "target": "电动汽车"}, {"weight": 0.600917882, "source": "地铁", "target": "公交车"}, {"weight": 0.711552215, "source": "地铁", "target": "火车"}, {"weight": 0.561329355, "source": "地铁", "target": "卡车"}, {"weight": 0.668043881, "source": "地铁", "target": "马车"}, {"weight": 0.523349845, "source": "地铁", "target": "跑车"}, {"weight": 0.541462465, "source": "地铁", "target": "赛车"}, {"weight": 0.697292663, "source": "地铁", "target": "四轮马车"}, {"weight": 0.915664826, "source": "地铁", "target": "有轨电车"}, {"weight": 0.5395205, "source": "行李车", "target": "敞篷跑车"}, {"weight": 0.533865268, "source": "行李车", "target": "车辆"}, {"weight": 0.688349036, "source": "行李车", "target": "电动汽车"}, {"weight": 0.53469736, "source": "行李车", "target": "公交车"}, {"weight": 1.0, "source": "行李车", "target": "行李车"}, {"weight": 0.572279785, "source": "行李车", "target": "豪华轿车"}, {"weight": 0.581651847, "source": "行李车", "target": "火车"}, {"weight": 0.665007253, "source": "行李车", "target": "卡车"}, {"weight": 0.593824967, "source": "行李车", "target": "卡丁车"}, {"weight": 0.53271637, "source": "行李车", "target": "马车"}, {"weight": 0.525182579, "source": "行李车", "target": "跑车"}, {"weight": 0.571506156, "source": "行李车", "target": "赛车"}, {"weight": 0.587818156, "source": "行李车", "target": "四轮马车"}, {"weight": 0.537880553, "source": "行李车", "target": "有轨电车"}, {"weight": 0.692280526, "source": "电动汽车", "target": "巴士"}, {"weight": 0.688107357, "source": "电动汽车", "target": "敞篷跑车"}, {"weight": 0.752761519, "source": "电动汽车", "target": "车辆"}, {"weight": 1.0, "source": "电动汽车", "target": "电动汽车"}, {"weight": 0.755626744, "source": "电动汽车", "target": "公交车"}, {"weight": 0.721820087, "source": "电动汽车", "target": "豪华轿车"}, {"weight": 0.609578735, "source": "电动汽车", "target": "火车"}, {"weight": 0.560830691, "source": "电动汽车", "target": "救护车"}, {"weight": 0.741076163, "source": "电动汽车", "target": "卡车"}, {"weight": 0.730332131, "source": "电动汽车", "target": "卡丁车"}, {"weight": 0.651611687, "source": "电动汽车", "target": "马车"}, {"weight": 0.767034055, "source": "电动汽车", "target": "跑车"}, {"weight": 0.824848784, "source": "电动汽车", "target": "赛车"}, {"weight": 0.612510691, "source": "电动汽车", "target": "四轮马车"}, {"weight": 0.584102111, "source": "电动汽车", "target": "有轨电车"}, {"weight": 0.531044839, "source": "马车", "target": "巴士"}, {"weight": 0.527673624, "source": "马车", "target": "车辆"}, {"weight": 0.527052119, "source": "马车", "target": "公交车"}, {"weight": 0.532687395, "source": "马车", "target": "豪华轿车"}, {"weight": 1.0, "source": "马车", "target": "马车"}, {"weight": 0.530512996, "source": "马车", "target": "跑车"}, {"weight": 0.555922761, "source": "马车", "target": "赛车"}, {"weight": 0.926253587, "source": "马车", "target": "四轮马车"}, {"weight": 0.653082471, "source": "马车", "target": "有轨电车"}, {"weight": 0.534948977, "source": "四轮马车", "target": "敞篷跑车"}, {"weight": 0.529710602, "source": "四轮马车", "target": "火车"}, {"weight": 0.556316591, "source": "四轮马车", "target": "卡车"}, {"weight": 0.54402572, "source": "四轮马车", "target": "赛车"}, {"weight": 1.0, "source": "四轮马车", "target": "四轮马车"}, {"weight": 0.700605518, "source": "四轮马车", "target": "有轨电车"}, {"weight": 0.595733446, "source": "救护车", "target": "巴士"}, {"weight": 0.614227475, "source": "救护车", "target": "车辆"}, {"weight": 0.622482544, "source": "救护车", "target": "公交车"}, {"weight": 0.569234176, "source": "救护车", "target": "豪华轿车"}, {"weight": 1.0, "source": "救护车", "target": "救护车"}, {"weight": 0.599129912, "source": "救护车", "target": "卡车"}, {"weight": 0.597734083, "source": "救护车", "target": "卡丁车"}, {"weight": 0.582779841, "source": "救护车", "target": "跑车"}, {"weight": 0.651108101, "source": "救护车", "target": "赛车"}, {"weight": 1.0, "source": "洒水车", "target": "洒水车"}, {"weight": 0.708966298, "source": "卡车", "target": "巴士"}, {"weight": 0.753335102, "source": "卡车", "target": "敞篷跑车"}, {"weight": 0.814783728, "source": "卡车", "target": "车辆"}, {"weight": 0.783489417, "source": "卡车", "target": "公交车"}, {"weight": 0.803223528, "source": "卡车", "target": "豪华轿车"}, {"weight": 0.629426806, "source": "卡车", "target": "火车"}, {"weight": 1.0, "source": "卡车", "target": "卡车"}, {"weight": 0.782720457, "source": "卡车", "target": "卡丁车"}, {"weight": 0.834490305, "source": "卡车", "target": "跑车"}, {"weight": 0.862721688, "source": "卡车", "target": "赛车"}, {"weight": 0.615555425, "source": "卡车", "target": "挖掘机"}, {"weight": 0.574511432, "source": "卡车", "target": "有轨电车"}, {"weight": 0.541496034, "source": "游艇", "target": "独木舟"}, {"weight": 1.0, "source": "游艇", "target": "游艇"}, {"weight": 0.844602191, "source": "公交车", "target": "巴士"}, {"weight": 0.645323035, "source": "公交车", "target": "敞篷跑车"}, {"weight": 0.80375909, "source": "公交车", "target": "车辆"}, {"weight": 1.0, "source": "公交车", "target": "公交车"}, {"weight": 0.770569951, "source": "公交车", "target": "豪华轿车"}, {"weight": 0.639373941, "source": "公交车", "target": "火车"}, {"weight": 0.715153898, "source": "公交车", "target": "卡丁车"}, {"weight": 0.787408234, "source": "公交车", "target": "跑车"}, {"weight": 0.78026525, "source": "公交车", "target": "赛车"}, {"weight": 0.595589668, "source": "公交车", "target": "有轨电车"}, {"weight": 0.600006419, "source": "挖掘机", "target": "车辆"}, {"weight": 1.0, "source": "挖掘机", "target": "挖掘机"}, {"weight": 0.652829984, "source": "卡丁车", "target": "巴士"}, {"weight": 0.627156602, "source": "卡丁车", "target": "敞篷跑车"}, {"weight": 0.756371492, "source": "卡丁车", "target": "车辆"}, {"weight": 0.782172239, "source": "卡丁车", "target": "豪华轿车"}, {"weight": 0.533915655, "source": "卡丁车", "target": "火车"}, {"weight": 1.0, "source": "卡丁车", "target": "卡丁车"}, {"weight": 0.766611285, "source": "卡丁车", "target": "跑车"}, {"weight": 0.868480858, "source": "卡丁车", "target": "赛车"}, {"weight": 0.730268327, "source": "车辆", "target": "巴士"}, {"weight": 0.706978704, "source": "车辆", "target": "敞篷跑车"}, {"weight": 1.0, "source": "车辆", "target": "车辆"}, {"weight": 0.80750367, "source": "车辆", "target": "豪华轿车"}, {"weight": 0.545453609, "source": "车辆", "target": "火车"}, {"weight": 0.834318706, "source": "车辆", "target": "跑车"}, {"weight": 0.873996527, "source": "车辆", "target": "赛车"}, {"weight": 0.523582325, "source": "车辆", "target": "有轨电车"}, {"weight": 0.543643449, "source": "有轨电车", "target": "巴士"}, {"weight": 0.529485004, "source": "有轨电车", "target": "豪华轿车"}, {"weight": 0.735383542, "source": "有轨电车", "target": "火车"}, {"weight": 0.523086336, "source": "有轨电车", "target": "跑车"}, {"weight": 0.554652061, "source": "有轨电车", "target": "赛车"}, {"weight": 1.0, "source": "有轨电车", "target": "有轨电车"}, {"weight": 0.701248326, "source": "豪华轿车", "target": "巴士"}, {"weight": 0.712208052, "source": "豪华轿车", "target": "敞篷跑车"}, {"weight": 1.0, "source": "豪华轿车", "target": "豪华轿车"}, {"weight": 0.58346362, "source": "豪华轿车", "target": "火车"}, {"weight": 0.846540277, "source": "豪华轿车", "target": "跑车"}, {"weight": 0.831220833, "source": "豪华轿车", "target": "赛车"}, {"weight": 0.727070646, "source": "赛车", "target": "巴士"}, {"weight": 0.732702752, "source": "赛车", "target": "敞篷跑车"}, {"weight": 0.578903676, "source": "赛车", "target": "火车"}, {"weight": 0.880572356, "source": "赛车", "target": "跑车"}, {"weight": 1.0, "source": "赛车", "target": "赛车"}, {"weight": 0.715892377, "source": "跑车", "target": "巴士"}, {"weight": 0.733330136, "source": "跑车", "target": "敞篷跑车"}, {"weight": 0.550836627, "source": "跑车", "target": "火车"}, {"weight": 1.0, "source": "跑车", "target": "跑车"}, {"weight": 0.750911465, "source": "敞篷跑车", "target": "巴士"}, {"weight": 1.0, "source": "敞篷跑车", "target": "敞篷跑车"}, {"weight": 1.0, "source": "巴士", "target": "巴士"}, {"weight": 0.595217353, "source": "巴士", "target": "火车"}, {"weight": 1.0, "source": "火车", "target": "火车"}, {"weight": 1.0, "source": "独木舟", "target": "独木舟"}]}